Workbook

Sheet Student Performance
A1: Student ID | B1: Student Name | C1: php | D1: Excel | E1: c+ | F1: Sql | G1: case study | H1: Total Marks | I1: Percentage | J1: Grade | K1: Result
A2: 101 | B2: jay prajapati | C2: 85 | D2: 90 | E2: 78 | F2: 88 | G2: 92 | H2: =SUM(C2:G2) -> 433 | I2: =H2/500 -> 0.866 | J2: =IF(I2>=0.9,"A+",IF(I2>=0.8,"A",IF(I2>=0.7,"B",IF(I2>=0.6,"C","D")))) -> A | K2: =IF(MIN(C2:G2)>=40,"Pass","Fail") -> Pass
A3: 102 | B3: priyanka padshla | C3: 92 | D3: 95 | E3: 88 | F3: 94 | G3: 90 | H3: =SUM(C3:G3) -> 459 | I3: =H3/500 -> 0.918 | J3: =IF(I3>=0.9,"A+",IF(I3>=0.8,"A",IF(I3>=0.7,"B",IF(I3>=0.6,"C","D")))) -> A+ | K3: =IF(MIN(C3:G3)>=40,"Pass","Fail") -> Pass
A4: 103 | B4: janvi kachadiya | C4: 70 | D4: 65 | E4: 72 | F4: 68 | G4: 75 | H4: =SUM(C4:G4) -> 350 | I4: =H4/500 -> 0.7 | J4: =IF(I4>=0.9,"A+",IF(I4>=0.8,"A",IF(I4>=0.7,"B",IF(I4>=0.6,"C","D")))) -> B | K4: =IF(MIN(C4:G4)>=40,"Pass","Fail") -> Pass
A5: 104 | B5: hasti andrapriya | C5: 88 | D5: 82 | E5: 90 | F5: 85 | G5: 89 | H5: =SUM(C5:G5) -> 434 | I5: =H5/500 -> 0.868 | J5: =IF(I5>=0.9,"A+",IF(I5>=0.8,"A",IF(I5>=0.7,"B",IF(I5>=0.6,"C","D")))) -> A | K5: =IF(MIN(C5:G5)>=40,"Pass","Fail") -> Pass
A6: 105 | B6: prince patel | C6: 75 | D6: 80 | E6: 68 | F6: 72 | G6: 78 | H6: =SUM(C6:G6) -> 373 | I6: =H6/500 -> 0.746 | J6: =IF(I6>=0.9,"A+",IF(I6>=0.8,"A",IF(I6>=0.7,"B",IF(I6>=0.6,"C","D")))) -> B | K6: =IF(MIN(C6:G6)>=40,"Pass","Fail") -> Pass
A7: 106 | B7: meera vekariya | C7: 95 | D7: 98 | E7: 92 | F7: 96 | G7: 95 | H7: =SUM(C7:G7) -> 476 | I7: =H7/500 -> 0.952 | J7: =IF(I7>=0.9,"A+",IF(I7>=0.8,"A",IF(I7>=0.7,"B",IF(I7>=0.6,"C","D")))) -> A+ | K7: =IF(MIN(C7:G7)>=40,"Pass","Fail") -> Pass
A8: 107 | B8: suraj bhoya | C8: 60 | D8: 55 | E8: 65 | F8: 58 | G8: 62 | H8: =SUM(C8:G8) -> 300 | I8: =H8/500 -> 0.6 | J8: =IF(I8>=0.9,"A+",IF(I8>=0.8,"A",IF(I8>=0.7,"B",IF(I8>=0.6,"C","D")))) -> C | K8: =IF(MIN(C8:G8)>=40,"Pass","Fail") -> Pass
A9: 108 | B9: neshvi vaghasiya | C9: 82 | D9: 85 | E9: 80 | F9: 84 | G9: 86 | H9: =SUM(C9:G9) -> 417 | I9: =H9/500 -> 0.834 | J9: =IF(I9>=0.9,"A+",IF(I9>=0.8,"A",IF(I9>=0.7,"B",IF(I9>=0.6,"C","D")))) -> A | K9: =IF(MIN(C9:G9)>=40,"Pass","Fail") -> Pass
A10: 109 | B10: komal prajapati | C10: 78 | D10: 72 | E10: 75 | F10: 80 | G10: 74 | H10: =SUM(C10:G10) -> 379 | I10: =H10/500 -> 0.758 | J10: =IF(I10>=0.9,"A+",IF(I10>=0.8,"A",IF(I10>=0.7,"B",IF(I10>=0.6,"C","D")))) -> B | K10: =IF(MIN(C10:G10)>=40,"Pass","Fail") -> Pass
A11: 110 | B11: lucky ramoshi | C11: 90 | D11: 88 | E11: 85 | F11: 92 | G11: 91 | H11: =SUM(C11:G11) -> 446 | I11: =H11/500 -> 0.892 | J11: =IF(I11>=0.9,"A+",IF(I11>=0.8,"A",IF(I11>=0.7,"B",IF(I11>=0.6,"C","D")))) -> A | K11: =IF(MIN(C11:G11)>=40,"Pass","Fail") -> Pass

Sheet Summary Data
A1: Subject | B1: Average Marks
A2: php | B2: =AVERAGE('Student Performance'!C2:C11) -> 81.5
A3: Excel | B3: =AVERAGE('Student Performance'!D2:D11) -> 81
A4: c+ | B4: =AVERAGE('Student Performance'!E2:E11) -> 79.3
A5: Sql | B5: =AVERAGE('Student Performance'!F2:F11) -> 81.7
A6: case study | B6: =AVERAGE('Student Performance'!G2:G11) -> 83.2
A7: Grade | B7: Count
A8: A+ | B8: =COUNTIF('Student Performance'!$J$2:$J$11, "A+") -> 2
A9: A | B9: =COUNTIF('Student Performance'!$J$2:$J$11, "A") -> 4
A10: B | B10: =COUNTIF('Student Performance'!$J$2:$J$11, "B") -> 3
A11: C | B11: =COUNTIF('Student Performance'!$J$2:$J$11, "C") -> 1
A12: D | B12: =COUNTIF('Student Performance'!$J$2:$J$11, "D") -> 0

Sheet Dashboard
A1: Student Performance Executive Dashboard
A2: Overview of student marks, subject averages, and grade distributions.
B4: Total Students | E4: Class Average | H4: Pass Percentage
B5: =COUNTA('Student Performance'!A2:A11) -> 10 | E5: =AVERAGE('Student Performance'!I2:I11) -> 0.8134 | H5: =COUNTIF('Student Performance'!K2:K11, "Pass")/COUNTA('Student Performance'!K2:K11) -> 1

Sheet Instructions
A1: Workbook Instructions & Guidelines
A2: Follow these steps to import, clean, analyze, and maintain the student performance workbook.
A4: Step | B4: Description
A5: Step 1: Data Import | B5: Export raw student records from the school SIS system in CSV format. Ensure columns match the Student Performance tab headers (ID, Name, Subject Marks).
A6: Step 2: Data Cleaning | B6: Check for missing marks, trailing spaces in student names, and ensure all IDs are unique 3-digit integers. Remove any duplicate entries.
A7: Step 3: Analysis & Formulas | B7: Total marks, percentages, grades, and pass/fail statuses are automated using formulas (SUM, AVERAGE, IF). Do not hardcode calculated columns.
A8: Step 4: Dashboard Monitoring | B8: Review the Dashboard tab regularly to monitor class performance KPIs, subject averages, and grade distributions. Charts update dynamically when marks change.
A9: Step 5: Reporting & Export | B9: To share reports with administration, export individual tabs to PDF or print the Dashboard tab directly in landscape orientation.

Sheet Task Checklist
A1: Project Task Checklist
A2: Track the 7 core project tasks, time estimates, weightages, and completion statuses.
A4: Task ID | B4: Task Description | C4: Time Estimate | D4: Weightage | E4: Status
A5: 1 | B5: Requirement Analysis & Scope Definition | C5: 3 Days | D5: 10% | E5: Completed
A6: 2 | B6: Student Data Collection & Formatting | C6: 4 Days | D6: 15% | E6: Completed
A7: 3 | B7: Formula Implementation (Grades & Totals) | C7: 2 Days | D7: 15% | E7: Completed
A8: 4 | B8: Dashboard KPI & Chart Integration | C8: 3 Days | D8: 20% | E8: In Progress
A9: 5 | B9: Instruction & Documentation Writing | C9: 2 Days | D9: 10% | E9: Not Started
A10: 6 | B10: Quality Assurance & Formula Testing | C10: 2 Days | D10: 15% | E10: Not Started
A11: 7 | B11: Final Stakeholder Review & Handover | C11: 1 Day | D11: 15% | E11: Not Started
